{"cameraMode":{"drawMode":0,"name":"Shaded","section":"Shading Mode"},"sceneLighting":false,"audioPlay":false,"sceneViewState":{"showFog":true,"showMaterialUpdate":false,"showSkybox":false,"showFlares":true,"showImageEffects":true,"showParticleSystems":true},"in2DMode":false,"pivot":{"x":-2.5895142555236818,"y":8.492208480834961,"z":-13.215302467346192},"rotation":{"x":-0.3097500801086426,"y":-0.13573360443115235,"z":0.04472530633211136,"w":-0.9400187730789185},"size":12.275582313537598,"orthographic":false}